900001001,900001001,text,true,1,none,true,,,col-md-4 control-label,col-md-8,
900001001,900002001,password_tag,true,2,none,true,,,col-md-4 control-label,col-md-8,
900002003,900001001,text,true,1,none,true,,,col-md-4 control-label,col-md-8,
900002003,900502001,text_tag,true,2,none,true,,,col-md-4 control-label,col-md-8,
900002003,900002001,password_tag,true,3,none,true,,,col-md-4 control-label,col-md-8,
900002003,900002002,password_confirmation_tag,true,4,none,true,,,col-md-4 control-label,col-md-8,
900002003,900003001,image_tag,true,5,none,true,,,col-md-4 control-label,col-md-8,
900002003,900001002,date_tag,true,6,none,true,,,col-md-4 control-label,col-md-8,
900002003,100103005,list_tag,true,7,none,true,,,col-md-4 control-label,col-md-8,MemberRole
900003003,900002001,password_tag,true,1,,true,,,col-md-4 control-label,col-md-8,
900003003,900002002,password_confirmation_tag,true,2,,true,,,col-md-4 control-label,col-md-8,
2,,,true,3,,true,,,col-md-4 control-label,col-md-8,
2,,,true,4,,true,,,col-md-4 control-label,col-md-8,
2,,,true,5,,false,,,col-md-4 control-label,col-md-8,
2,,,true,6,,true,,,col-md-4 control-label,col-md-8,
2,,,true,7,,true,,,col-md-4 control-label,col-md-8,
3,,,true,0,,,,,,,
3,,,true,1,,true,,,col-md-4 control-label,col-md-8,
3,,,true,0,,true,,,col-md-4 control-label,col-md-8,
3,,,true,2,,true,,,col-md-4 control-label,col-md-8,
3,,,true,3,,true,,,col-md-4 control-label,col-md-8,MemberRole
3,,,true,4,,true,,,col-md-4 control-label,col-md-8,
3,,,true,5,,false,,,col-md-4 control-label,col-md-8,
6,,,true,0,,,,,,,
6,,,true,1,,true,,,col-md-4 control-label,col-md-8,
6,,,true,0,,true,,,col-md-4 control-label,col-md-8,
6,,,true,2,,true,,,col-md-4 control-label,col-md-8,
6,,,true,3,,true,,,col-md-4 control-label,col-md-8,MemberRole
6,,,true,4,,true,,,col-md-4 control-label,col-md-8,
6,,,true,5,,false,,,col-md-4 control-label,col-md-8,
7,,,true,1,,true,8,,col-md-4 control-label,col-md-8,
7,,,true,2,,true,,,col-md-4 control-label,col-md-8,
10,,,true,1,,true,,,"col-md-4 control-label,col-md-8",col-md-8,
10,,,true,2,,true,,,"col-md-4 control-label,col-md-8",col-md-8,
10,,,true,3,,true,,,"col-md-4 control-label,col-md-8",col-md-8,
10,,,true,4,,true,,,"col-md-4 control-label,col-md-8",col-md-8,
10,,,true,5,,true,,,"col-md-4 control-label,col-md-8",col-md-8,
10,,,true,6,,true,,,"col-md-4 control-label,col-md-8",col-md-8,
10,,,true,7,,true,,,"col-md-4 control-label,col-md-8",col-md-8,
10,,,true,1,,true,,,col-md-4 control-label,col-md-8,
10,,,true,0,,true,,,,,
10,,,true,2,,true,,,col-md-4 control-label,col-md-8,
10,,,true,3,,true,,,col-md-4 control-label,col-md-8,
10,,,true,4,,true,,,col-md-4 control-label,col-md-8,
10,,,true,5,,true,,,col-md-4 control-label,col-md-8,
10,,,true,6,,true,,,col-md-4 control-label,col-md-8,
10,,,true,7,,true,,,col-md-4 control-label,col-md-8,
10,,,true,8,,true,,,col-md-4 control-label,col-md-8,
10,,,true,1,,true,,,col-md-4 control-label,col-md-8,
10,,,true,2,,true,,,col-md-4 control-label,col-md-8,
10,,,true,1,,true,,,,,
11,,,true,1,,false,,,col-md-4 control-label,col-md-8,
