100010004,100103001,user_id,1
100010004,100103002,started_on,2
100010004,100103003,ended_on,3
100010004,100103004,enable,4
100010004,100103005,member_role_id,5
100010004,100103006,system_admin,6
100103001,100103001,user_id,1
100103001,100103002,started_on,2
100103001,100103003,ended_on,3
100103001,100103004,enable,4
100103001,100103005,member_role_id,5
100103001,100103006,system_admin,6
3,99,memo,5
6,7,user_id,0
6,8,started_on,1
6,9,ended_on,0
6,10,enable,2
6,11,member_role_id,3
6,12,system_admin,4
6,13,memo,5
7,99,password,1
7,99,password_confirmation,2
10,99,email1,1
10,99,email2,2
10,99,number1,3
10,99,number2,4
10,99,id1,5
10,99,id2,6
10,99,google,7
10,99,started_on,1
10,99,ended_on,0
10,99,name,2
10,99,name_katakana,3
10,99,name_romaji,4
10,99,register,5
10,99,register_katakana,6
10,99,register_romaji,7
10,99,memo,8
10,99,name,1
10,99,description,2
10,99,email,1
11,99,image,1
